epoch,step,train_dist_epoch,train_dist_step,train_loss_epoch,train_loss_step,val_dist_epoch,val_dist_step,val_loss_epoch,val_loss_step
1,8124,,13.1591796875,,0.8860881924629211,,,,
1,8149,,14.24560546875,,0.9447699189186096,,,,
1,8174,,19.90966796875,,1.136204481124878,,,,
1,8199,,14.41650390625,,0.8626761436462402,,,,
1,8224,,15.2099609375,,0.9517644047737122,,,,
1,8249,,13.5498046875,,0.9166056513786316,,,,
1,8274,,15.4052734375,,0.9800046682357788,,,,
1,8299,,10.888671875,,0.8206932544708252,,,,
1,8324,,14.2578125,,0.8547818064689636,,,,
1,8349,,11.34033203125,,0.7953270077705383,,,,
1,8374,,11.181640625,,0.7573094964027405,,,,
1,8399,,14.5263671875,,0.9123130440711975,,,,
1,8424,,12.353515625,,0.839930534362793,,,,
1,8449,,14.51416015625,,0.9093287587165833,,,,
1,8474,,13.818359375,,0.946988046169281,,,,
1,8499,,10.87646484375,,0.7710075974464417,,,,
1,8524,,12.158203125,,0.8099697232246399,,,,
1,8549,,10.791015625,,0.7852298021316528,,,,
1,8574,,13.24462890625,,0.9055343866348267,,,,
1,8599,,15.9912109375,,1.0053966045379639,,,,
1,8624,,13.7939453125,,0.932942271232605,,,,
1,8649,,11.1328125,,0.7934361696243286,,,,
1,8674,,13.28125,,0.8653796911239624,,,,
1,8699,,14.404296875,,0.9389146566390991,,,,
1,8724,,15.36865234375,,0.9679393768310547,,,,
1,8749,,16.80908203125,,1.0096403360366821,,,,
1,8774,,13.73291015625,,0.9192390441894531,,,,
1,8799,,14.013671875,,0.9538110494613647,,,,
1,8824,,15.0146484375,,0.9705952405929565,,,,
1,8849,,11.34033203125,,0.8035368919372559,,,,
1,8874,,17.6025390625,,1.1143549680709839,,,,
1,8899,,13.0126953125,,0.8349810242652893,,,,
1,8924,,10.77880859375,,0.7860954403877258,,,,
1,8949,,11.92626953125,,0.8387377858161926,,,,
1,8974,,16.00341796875,,0.9406308531761169,,,,
1,8999,,12.95166015625,,0.9403162002563477,,,,
1,9024,,12.60986328125,,0.9090939164161682,,,,
1,9049,,17.529296875,,1.023319125175476,,,,
1,9074,,13.31787109375,,0.9528045654296875,,,,
1,9099,,14.53857421875,,0.962601900100708,,,,
1,9124,,15.90576171875,,1.0046201944351196,,,,
1,9149,,15.8935546875,,1.0541434288024902,,,,
1,9174,,13.02490234375,,0.9135618805885315,,,,
1,9199,,16.9921875,,1.038318395614624,,,,
1,9224,,15.49072265625,,0.9557145833969116,,,,
1,9249,,12.87841796875,,0.8063544631004333,,,,
1,9274,,12.85400390625,,0.8484299778938293,,,,
1,9299,,10.7177734375,,0.7869583964347839,,,,
1,9324,,13.00048828125,,0.9377313852310181,,,,
1,9349,,13.46435546875,,0.9203394055366516,,,,
1,9374,,12.01171875,,0.8109675049781799,,,,
1,9399,,13.4521484375,,0.9298903942108154,,,,
1,9424,,13.14697265625,,0.8390123844146729,,,,
1,9449,,11.75537109375,,0.8133012056350708,,,,
1,9474,,10.595703125,,0.8233376145362854,,,,
1,9499,,16.76025390625,,1.018842101097107,,,,
1,9524,,16.650390625,,1.0219271183013916,,,,
1,9549,,19.3359375,,1.0915768146514893,,,,
1,9574,,13.24462890625,,0.8386780023574829,,,,
1,9599,,12.20703125,,0.8252856135368347,,,,
1,9624,,13.14697265625,,0.8727884292602539,,,,
1,9649,,12.255859375,,0.8386414051055908,,,,
1,9674,,15.61279296875,,0.9885060787200928,,,,
1,9699,,13.48876953125,,0.9897062182426453,,,,
1,9724,,14.6240234375,,0.9606507420539856,,,,
1,9749,,12.6953125,,0.8492715954780579,,,,
1,9774,,13.2568359375,,0.8995462656021118,,,,
1,9799,,13.61083984375,,0.9397544264793396,,,,
1,9824,,15.283203125,,0.9589035511016846,,,,
1,9849,,15.27099609375,,0.976250171661377,,,,
1,9874,,13.83056640625,,0.9410615563392639,,,,
1,9899,,13.5498046875,,0.9144663214683533,,,,
1,9924,,10.14404296875,,0.7409300208091736,,,,
1,9949,,16.61376953125,,1.0165568590164185,,,,
1,9974,,14.73388671875,,0.9522684812545776,,,,
1,9999,,13.61083984375,,0.9530290365219116,,,,
1,10024,,11.97509765625,,0.8427503705024719,,,,
1,10049,,14.05029296875,,0.9160230159759521,,,,
1,10074,,12.9638671875,,0.8805608749389648,,,,
1,10099,,10.6689453125,,0.7567062377929688,,,,
1,10124,,17.87109375,,1.0779014825820923,,,,
1,10149,,12.87841796875,,0.8700150847434998,,,,
1,10174,,14.990234375,,0.9476321339607239,,,,
1,10199,,14.0869140625,,0.9330021739006042,,,,
1,10224,,14.29443359375,,0.9360059499740601,,,,
1,10249,,10.2294921875,,0.7766509056091309,,,,
1,10274,,18.56689453125,,1.088695764541626,,,,
1,10299,,14.88037109375,,1.0219405889511108,,,,
1,10324,,12.29248046875,,0.8564443588256836,,,,
1,10349,,9.814453125,,0.7619044184684753,,,,
1,10374,,16.58935546875,,1.0867823362350464,,,,
1,10399,,12.58544921875,,0.8353085517883301,,,,
1,10424,,13.12255859375,,0.913987934589386,,,,
1,10449,,11.82861328125,,0.8270229697227478,,,,
1,10474,,14.51416015625,,0.9325419664382935,,,,
1,10499,,11.38916015625,,0.8071531653404236,,,,
1,10524,,15.5029296875,,1.0280100107192993,,,,
1,10549,,12.109375,,0.7944228053092957,,,,
1,10574,,14.00146484375,,0.8343125581741333,,,,
1,10599,,14.453125,,0.9645447134971619,,,,
1,10624,,16.41845703125,,1.0313835144042969,,,,
1,10649,,15.00244140625,,0.9896338582038879,,,,
1,10674,,14.02587890625,,0.9347317814826965,,,,
1,10699,,11.5966796875,,0.7698825001716614,,,,
1,10724,,12.26806640625,,0.8980685472488403,,,,
1,10749,,14.31884765625,,0.8956421613693237,,,,
1,10774,,11.92626953125,,0.8364938497543335,,,,
1,10799,,14.36767578125,,0.9116565585136414,,,,
1,10824,,13.427734375,,0.9411287307739258,,,,
1,10849,,14.2822265625,,0.9540565609931946,,,,
1,10874,,12.85400390625,,0.8572799563407898,,,,
1,10899,,10.44921875,,0.7756671905517578,,,,
1,10924,,10.21728515625,,0.8063641786575317,,,,
1,10949,,11.8896484375,,0.8264215588569641,,,,
1,10974,,13.8427734375,,0.9291678071022034,,,,
1,10999,,12.79296875,,0.8883630037307739,,,,
1,11024,,13.037109375,,0.8367995023727417,,,,
1,11049,,12.3046875,,0.8792173266410828,,,,
1,11074,,11.73095703125,,0.8134220242500305,,,,
1,11099,,18.71337890625,,1.0922027826309204,,,,
1,11124,,14.6240234375,,0.9744184017181396,,,,
1,11149,,12.02392578125,,0.8632278442382812,,,,
1,11174,,10.14404296875,,0.7665015459060669,,,,
1,11199,,13.4521484375,,0.903331995010376,,,,
1,11224,,13.56201171875,,0.900400698184967,,,,
1,11249,,11.51123046875,,0.8232369422912598,,,,
1,11274,,11.2548828125,,0.8102347254753113,,,,
1,11299,,10.8642578125,,0.7772995233535767,,,,
1,11324,,12.6953125,,0.9029999375343323,,,,
1,11349,,13.90380859375,,0.9458014965057373,,,,
1,11374,,11.85302734375,,0.8345827460289001,,,,
1,11399,,12.744140625,,0.868017852306366,,,,
1,11424,,11.65771484375,,0.8437244296073914,,,,
1,11449,,14.88037109375,,0.9166688323020935,,,,
1,11474,,11.29150390625,,0.7941582202911377,,,,
1,11499,,15.4296875,,0.9845470190048218,,,,
1,11524,,11.8408203125,,0.7887099385261536,,,,
1,11549,,14.00146484375,,0.9632170796394348,,,,
1,11574,,12.60986328125,,0.8748902678489685,,,,
1,11599,,14.73388671875,,0.8946707844734192,,,,
1,11624,,12.5244140625,,0.9125376343727112,,,,
1,11649,,13.97705078125,,0.8346425890922546,,,,
1,11674,,11.51123046875,,0.8433507084846497,,,,
1,11699,,11.1083984375,,0.7194655537605286,,,,
1,11724,,13.97705078125,,0.9345295429229736,,,,
1,11749,,11.04736328125,,0.8204837441444397,,,,
1,11774,,11.2548828125,,0.8165006637573242,,,,
1,11799,,13.1591796875,,0.8908942341804504,,,,
1,11824,,14.16015625,,0.9494534134864807,,,,
1,11849,,13.7939453125,,0.9155340194702148,,,,
1,11874,,15.24658203125,,0.9182774424552917,,,,
1,11899,,12.34130859375,,0.8959171772003174,,,,
1,11924,,12.3046875,,0.8141937851905823,,,,
1,11949,,16.68701171875,,1.0138944387435913,,,,
1,11974,,15.8935546875,,1.0205237865447998,,,,
1,11999,,12.39013671875,,0.8454194068908691,,,,
1,12024,,12.17041015625,,0.8572276830673218,,,,
1,12049,,12.48779296875,,0.8411834836006165,,,,
1,12074,,14.16015625,,0.9526699185371399,,,,
1,12099,,13.07373046875,,0.8896011114120483,,,,
1,12124,,10.6689453125,,0.7225368022918701,,,,
1,12149,,12.39013671875,,0.8921963572502136,,,,
1,12174,,12.841796875,,0.8627995252609253,,,,
1,12199,,15.46630859375,,0.9551429748535156,,,,
1,12224,,13.6474609375,,0.8836506605148315,,,,
1,12249,,15.31982421875,,0.9285866618156433,,,,
1,12274,,10.107421875,,0.7252567410469055,,,,
1,12299,,14.61181640625,,0.9498583078384399,,,,
1,12324,,9.716796875,,0.6990315318107605,,,,
1,12349,,13.80615234375,,0.9329173564910889,,,,
1,12374,,11.36474609375,,0.725477397441864,,,,
1,12399,,12.20703125,,0.8517720699310303,,,,
1,12424,,13.76953125,,0.8322908282279968,,,,
1,12449,,17.34619140625,,1.12189519405365,,,,
1,12474,,12.78076171875,,0.872572660446167,,,,
1,12499,,12.20703125,,0.8278811573982239,,,,
1,12524,,12.75634765625,,0.9077075123786926,,,,
1,12549,,11.97509765625,,0.9032490253448486,,,,
1,12574,,10.26611328125,,0.7281410694122314,,,,
1,12599,,16.14990234375,,1.0291134119033813,,,,
1,12624,,12.744140625,,0.8514290452003479,,,,
1,12649,,11.99951171875,,0.8385772109031677,,,,
1,12674,,14.599609375,,0.9321985244750977,,,,
1,12699,,12.6220703125,,0.8196723461151123,,,,
1,12724,,9.66796875,,0.7123121023178101,,,,
1,12749,,14.9658203125,,0.9809732437133789,,,,
1,12774,,16.1865234375,,0.9975489377975464,,,,
1,12799,,12.46337890625,,0.8688032031059265,,,,
1,12824,,14.013671875,,0.9054913520812988,,,,
1,12849,,11.62109375,,0.8542419672012329,,,,
1,12874,,11.71875,,0.8226761221885681,,,,
1,12899,,14.58740234375,,0.9491145014762878,,,,
1,12924,,16.89453125,,1.0486270189285278,,,,
1,12949,,14.0380859375,,0.9315037727355957,,,,
1,12974,,12.451171875,,0.895548403263092,,,,
1,12999,,12.85400390625,,0.8419272899627686,,,,
1,13024,,16.36962890625,,0.9876800179481506,,,,
1,13049,,11.376953125,,0.8140445351600647,,,,
1,13074,,16.51611328125,,1.0910778045654297,,,,
1,13099,,15.97900390625,,1.0138126611709595,,,,
1,13124,,12.07275390625,,0.8871568441390991,,,,
1,13149,,11.3037109375,,0.8376699090003967,,,,
1,13174,,14.3310546875,,0.9002218246459961,,,,
1,13199,,14.5263671875,,0.9527941942214966,,,,
1,13224,,12.56103515625,,0.853528618812561,,,,
1,13249,,14.6484375,,0.9087221026420593,,,,
1,13274,,11.2548828125,,0.8363435864448547,,,,
1,13299,,13.96484375,,0.8706446886062622,,,,
1,13324,,11.87744140625,,0.8462289571762085,,,,
1,13349,,11.1083984375,,0.7616890668869019,,,,
1,13374,,9.16748046875,,0.7304752469062805,,,,
1,13399,,12.7197265625,,0.8604472279548645,,,,
1,13424,,14.111328125,,0.9350065588951111,,,,
1,13449,,13.63525390625,,0.8453745245933533,,,,
1,13474,,16.7236328125,,1.0204461812973022,,,,
1,13499,,10.51025390625,,0.7467927932739258,,,,
1,13524,,16.796875,,1.0055371522903442,,,,
1,13549,,14.78271484375,,0.8982446193695068,,,,
1,13574,,10.97412109375,,0.760089099407196,,,,
1,13599,,13.28125,,0.9028072357177734,,,,
1,13624,,9.04541015625,,0.6837839484214783,,,,
1,13649,,14.44091796875,,0.9454266428947449,,,,
1,13674,,14.5263671875,,0.9567211270332336,,,,
1,13699,,8.49609375,,0.6408146023750305,,,,
1,13724,,15.17333984375,,1.0728058815002441,,,,
1,13749,,12.353515625,,0.8496308326721191,,,,
1,13774,,12.26806640625,,0.8163406252861023,,,,
1,13799,,13.61083984375,,0.9640601277351379,,,,
1,13824,,13.6962890625,,0.8695055246353149,,,,
1,13849,,13.818359375,,0.9210239052772522,,,,
1,13874,,13.7939453125,,0.9161268472671509,,,,
1,13899,,13.73291015625,,0.8999636769294739,,,,
1,13924,,11.8408203125,,0.7729740142822266,,,,
1,13949,,15.05126953125,,0.9776056408882141,,,,
1,13974,,10.888671875,,0.7681713104248047,,,,
1,13999,,9.5947265625,,0.6770709156990051,,,,
1,14024,,13.09814453125,,0.8651375770568848,,,,
1,14049,,14.66064453125,,0.9412969946861267,,,,
1,14074,,11.0595703125,,0.7838827967643738,,,,
1,14099,,17.68798828125,,1.0112273693084717,,,,
1,14124,,13.1591796875,,0.8366674184799194,,,,
1,14149,,13.8427734375,,0.9314027428627014,,,,
1,14174,,15.31982421875,,0.9408391118049622,,,,
1,14199,,13.8916015625,,0.931516706943512,,,,
1,14224,,10.53466796875,,0.7821343541145325,,,,
1,14249,,11.5478515625,,0.808829128742218,,,,
1,14274,,10.205078125,,0.6927838325500488,,,,
1,14299,,11.16943359375,,0.7115858197212219,,,,
1,14324,,16.54052734375,,0.9932441711425781,,,,
1,14349,,14.58740234375,,0.8819252848625183,,,,
1,14374,,12.41455078125,,0.8901392221450806,,,,
1,14399,,12.4755859375,,0.8585155606269836,,,,
1,14424,,13.51318359375,,0.9249022006988525,,,,
1,14449,,11.474609375,,0.779056966304779,,,,
1,14474,,11.8408203125,,0.8114116191864014,,,,
1,14499,,11.8896484375,,0.8214969635009766,,,,
1,14524,,12.5244140625,,0.8581902384757996,,,,
1,14549,,9.92431640625,,0.7617649435997009,,,,
1,14574,,12.0361328125,,0.8052088022232056,,,,
1,14599,,12.7197265625,,0.8534643054008484,,,,
1,14624,,15.51513671875,,1.001204490661621,,,,
1,14649,,11.42578125,,0.8095282316207886,,,,
1,14674,,11.5966796875,,0.8171966075897217,,,,
1,14699,,13.80615234375,,0.9665752649307251,,,,
1,14724,,15.41748046875,,0.9424641728401184,,,,
1,14749,,13.28125,,0.8717920184135437,,,,
1,14774,,13.2080078125,,0.8262917995452881,,,,
1,14799,,15.4052734375,,0.9562567472457886,,,,
1,14824,,12.41455078125,,0.8527361750602722,,,,
1,14849,,10.92529296875,,0.7597938179969788,,,,
1,14874,,13.0126953125,,0.9283487796783447,,,,
1,14899,,11.279296875,,0.8979914784431458,,,,
1,14924,,12.9638671875,,0.8783490061759949,,,,
1,14949,,15.869140625,,0.9907541275024414,,,,
1,14974,,12.04833984375,,0.8225162029266357,,,,
1,14999,,14.00146484375,,0.9319003224372864,,,,
1,15024,,13.83056640625,,0.880669355392456,,,,
1,15049,,11.02294921875,,0.7557504177093506,,,,
1,15074,,17.138671875,,1.0786854028701782,,,,
1,15099,,13.39111328125,,0.8760915994644165,,,,
1,15124,,11.7919921875,,0.8593045473098755,,,,
1,15149,,14.22119140625,,0.8831787109375,,,,
1,15174,,14.1845703125,,0.9358203411102295,,,,
1,15199,,18.3837890625,,1.1087794303894043,,,,
1,15224,,10.77880859375,,0.7545214891433716,,,,
1,15249,,15.8935546875,,0.9420798420906067,,,,
1,15274,,12.73193359375,,0.871200442314148,,,,
1,15299,,11.4501953125,,0.864603579044342,,,,
1,15324,,11.75537109375,,0.828744113445282,,,,
1,15349,,13.48876953125,,0.9018551707267761,,,,
1,15374,,12.6708984375,,0.8371012806892395,,,,
1,15399,,12.3291015625,,0.8095225095748901,,,,
1,15424,,13.7939453125,,0.9052950143814087,,,,
1,15449,,9.8876953125,,0.7298782467842102,,,,
1,15474,,12.39013671875,,0.8485334515571594,,,,
1,15499,,11.75537109375,,0.7938855290412903,,,,
1,15524,,8.1787109375,,0.6004443168640137,,,,
1,15549,,10.99853515625,,0.7582345008850098,,,,
1,15574,,12.09716796875,,0.8160459995269775,,,,
1,15599,,11.474609375,,0.812501072883606,,,,
1,15624,,15.33203125,,0.9434249401092529,,,,
1,15649,,10.986328125,,0.7775344252586365,,,,
1,15674,,17.15087890625,,1.0247694253921509,,,,
1,15699,,15.93017578125,,0.9403634071350098,,,,
1,15724,,14.208984375,,0.9004213809967041,,,,
1,15749,,12.20703125,,0.8412873148918152,,,,
1,15774,,10.3271484375,,0.7257661819458008,,,,
1,15799,,11.48681640625,,0.8018651008605957,,,,
1,15824,,10.87646484375,,0.7337662577629089,,,,
1,15849,,9.53369140625,,0.69977867603302,,,,
1,15874,,12.60986328125,,0.8359410166740417,,,,
1,15899,,14.306640625,,0.9234275221824646,,,,
1,15924,,14.2822265625,,0.9339069128036499,,,,
1,15949,,10.9619140625,,0.7138450145721436,,,,
1,15974,,13.14697265625,,0.9367786049842834,,,,
1,15999,,10.24169921875,,0.7753849029541016,,,,
1,16024,,13.87939453125,,0.9197347164154053,,,,
,862,,,,,,16.4794921875,,0.8769413232803345
,863,,,,,,13.85498046875,,0.8315332531929016
,864,,,,,,16.6015625,,0.9847158789634705
,865,,,,,,16.73583984375,,0.9509052038192749
,866,,,,,,20.49560546875,,1.0792661905288696
,867,,,,,,15.46630859375,,0.8526052832603455
,868,,,,,,20.69091796875,,1.0986090898513794
,869,,,,,,19.53125,,1.0347462892532349
,870,,,,,,14.41650390625,,0.8178169131278992
,871,,,,,,20.32470703125,,1.1127946376800537
,872,,,,,,15.283203125,,0.9214871525764465
,873,,,,,,27.294921875,,1.290541648864746
,874,,,,,,19.15283203125,,1.0294042825698853
,875,,,,,,16.39404296875,,0.9197899699211121
,876,,,,,,15.2099609375,,0.8571575880050659
,877,,,,,,20.9716796875,,1.0752463340759277
,878,,,,,,15.34423828125,,0.8650126457214355
,879,,,,,,15.185546875,,0.8977622985839844
,880,,,,,,19.1162109375,,0.9849684834480286
,881,,,,,,11.43798828125,,0.724646270275116
,882,,,,,,15.4541015625,,0.8330897688865662
,883,,,,,,23.13232421875,,1.2025212049484253
,884,,,,,,20.81298828125,,1.0458645820617676
,885,,,,,,15.24658203125,,0.8526705503463745
,886,,,,,,17.71240234375,,0.9147019386291504
,887,,,,,,17.63916015625,,0.9518724083900452
,888,,,,,,17.71240234375,,0.950792670249939
,889,,,,,,21.9970703125,,1.1083709001541138
,890,,,,,,20.25146484375,,1.012157917022705
,891,,,,,,19.7021484375,,1.0121352672576904
,892,,,,,,21.77734375,,1.108429193496704
,893,,,,,,26.1474609375,,1.206168293952942
,894,,,,,,21.337890625,,1.0640267133712769
,895,,,,,,13.0859375,,0.7462875843048096
,896,,,,,,16.07666015625,,0.852005124092102
,897,,,,,,19.81201171875,,1.076945185661316
,898,,,,,,21.78955078125,,1.1511319875717163
,899,,,,,,20.73974609375,,1.0851492881774902
,900,,,,,,15.80810546875,,0.9007779955863953
,901,,,,,,14.00146484375,,0.8102799654006958
,902,,,,,,18.84765625,,0.9887717962265015
,903,,,,,,20.95947265625,,1.0729941129684448
,904,,,,,,14.7216796875,,0.8654634952545166
,905,,,,,,15.61279296875,,0.8764368295669556
,906,,,,,,22.00927734375,,1.144734501838684
,907,,,,,,17.24853515625,,0.9733601808547974
,908,,,,,,16.1865234375,,0.9171624779701233
,909,,,,,,19.49462890625,,1.0652738809585571
,910,,,,,,20.15380859375,,1.047673225402832
,911,,,,,,18.93310546875,,1.0510754585266113
,912,,,,,,22.86376953125,,1.150316596031189
,913,,,,,,16.259765625,,0.93571937084198
,914,,,,,,14.97802734375,,0.8322439789772034
,915,,,,,,14.5263671875,,0.8711551427841187
,916,,,,,,18.310546875,,0.9942061901092529
,917,,,,,,19.73876953125,,1.0777380466461182
,918,,,,,,23.2666015625,,1.0989573001861572
,919,,,,,,15.68603515625,,0.8938324451446533
,920,,,,,,18.4814453125,,1.005103588104248
,921,,,,,,16.93115234375,,0.9196518659591675
,922,,,,,,16.12548828125,,0.8881846070289612
,923,,,,,,15.1123046875,,0.8320088386535645
,924,,,,,,19.61669921875,,1.0088176727294922
,925,,,,,,16.0400390625,,0.9374855756759644
,926,,,,,,21.7041015625,,1.0980381965637207
,927,,,,,,22.00927734375,,1.1035785675048828
,928,,,,,,18.42041015625,,1.0019828081130981
,929,,,,,,14.6728515625,,0.8023024201393127
,930,,,,,,16.95556640625,,0.9520900845527649
,931,,,,,,16.58935546875,,0.9058046340942383
,932,,,,,,15.75927734375,,0.9274404048919678
,933,,,,,,15.6494140625,,0.8793414831161499
,934,,,,,,18.44482421875,,0.9964688420295715
,935,,,,,,26.46484375,,1.2673625946044922
,936,,,,,,15.8447265625,,0.8767267465591431
,937,,,,,,21.38671875,,1.091430425643921
,938,,,,,,20.15380859375,,1.0558626651763916
,939,,,,,,20.5078125,,1.0291115045547485
,940,,,,,,14.24560546875,,0.8118058443069458
,941,,,,,,16.943359375,,0.9648200869560242
,942,,,,,,16.78466796875,,0.9377084970474243
,943,,,,,,19.66552734375,,1.008575201034546
,944,,,,,,15.625,,0.8908438682556152
,945,,,,,,16.27197265625,,0.8813536763191223
,946,,,,,,18.95751953125,,1.0110615491867065
,947,,,,,,13.51318359375,,0.8218666911125183
,948,,,,,,13.818359375,,0.7959555387496948
,949,,,,,,13.96484375,,0.7977529764175415
,950,,,,,,19.23828125,,1.0082969665527344
,951,,,,,,18.5791015625,,1.0200899839401245
,952,,,,,,17.54150390625,,0.906385064125061
,953,,,,,,17.431640625,,0.9773921966552734
,954,,,,,,15.8447265625,,0.8693365454673767
,955,,,,,,18.017578125,,0.9684152603149414
,956,,,,,,20.5810546875,,1.0239133834838867
,957,,,,,,13.96484375,,0.8056020140647888
,958,,,,,,16.0888671875,,0.871052086353302
,959,,,,,,19.43359375,,1.0124034881591797
,960,,,,,,17.8955078125,,0.9837608337402344
,961,,,,,,21.35009765625,,1.128356695175171
,962,,,,,,18.06640625,,0.9891833066940308
,963,,,,,,15.41748046875,,0.897357165813446
,964,,,,,,15.58837890625,,0.8399109244346619
,965,,,,,,16.11328125,,0.9537668228149414
,966,,,,,,16.46728515625,,0.8814338445663452
,967,,,,,,18.65234375,,1.0138155221939087
,968,,,,,,16.748046875,,0.8954927921295166
,969,,,,,,16.6015625,,0.924756646156311
,970,,,,,,18.07861328125,,0.9937286972999573
,971,,,,,,14.17236328125,,0.8290379643440247
,972,,,,,,18.5791015625,,1.0303539037704468
,973,,,,,,16.89453125,,0.9268820881843567
,974,,,,,,13.2568359375,,0.7909553050994873
,975,,,,,,9.9609375,,0.6276921033859253
,976,,,,,,19.970703125,,1.0324052572250366
,977,,,,,,18.408203125,,0.9353815317153931
,978,,,,,,17.9931640625,,0.9311580061912537
,979,,,,,,19.54345703125,,1.0617671012878418
,980,,,,,,13.330078125,,0.7987179756164551
,981,,,,,,18.505859375,,1.01255464553833
,982,,,,,,10.9375,,0.6622329950332642
,983,,,,,,18.408203125,,1.012276530265808
,984,,,,,,13.65966796875,,0.7409202456474304
,985,,,,,,20.10498046875,,1.0307872295379639
,986,,,,,,15.576171875,,0.8511560559272766
,987,,,,,,15.9423828125,,0.8807973861694336
,988,,,,,,15.46630859375,,0.8337895274162292
,989,,,,,,13.56201171875,,0.8155787587165833
,990,,,,,,18.0419921875,,1.0381543636322021
,991,,,,,,15.66162109375,,0.9142584800720215
,992,,,,,,20.42236328125,,1.071364402770996
,993,,,,,,14.5263671875,,0.8050541281700134
,994,,,,,,20.91064453125,,1.1283090114593506
,995,,,,,,20.654296875,,1.0700877904891968
,996,,,,,,15.234375,,0.8397781848907471
,997,,,,,,19.73876953125,,1.0915672779083252
,998,,,,,,15.4052734375,,0.9379943609237671
,999,,,,,,25.78125,,1.2456083297729492
,1000,,,,,,19.88525390625,,1.0501607656478882
,1001,,,,,,15.3076171875,,0.8878236413002014
,1002,,,,,,16.41845703125,,0.9007008075714111
,1003,,,,,,19.78759765625,,1.0242221355438232
,1004,,,,,,14.794921875,,0.8504835367202759
,1005,,,,,,15.24658203125,,0.9038252830505371
,1006,,,,,,19.7021484375,,0.9994592666625977
,1007,,,,,,12.7685546875,,0.7882676720619202
,1008,,,,,,15.33203125,,0.8410682082176208
,1009,,,,,,22.36328125,,1.1655462980270386
,1010,,,,,,20.93505859375,,1.057204008102417
,1011,,,,,,16.3330078125,,0.8898331522941589
,1012,,,,,,17.88330078125,,0.9337671995162964
,1013,,,,,,15.72265625,,0.8655875325202942
,1014,,,,,,18.701171875,,0.9809325337409973
,1015,,,,,,20.7763671875,,1.0826902389526367
,1016,,,,,,21.2890625,,1.0354387760162354
,1017,,,,,,20.751953125,,1.063605785369873
,1018,,,,,,20.068359375,,1.0369905233383179
,1019,,,,,,26.79443359375,,1.2205702066421509
,1020,,,,,,21.826171875,,1.1014106273651123
,1021,,,,,,13.43994140625,,0.7381525039672852
,1022,,,,,,15.83251953125,,0.8539149761199951
,1023,,,,,,19.10400390625,,1.0368081331253052
,1024,,,,,,20.73974609375,,1.1332261562347412
,1025,,,,,,22.7783203125,,1.1452592611312866
,1026,,,,,,15.576171875,,0.8875675201416016
,1027,,,,,,14.27001953125,,0.8286402225494385
,1028,,,,,,18.42041015625,,0.976472795009613
,1029,,,,,,19.921875,,1.0341604948043823
,1030,,,,,,14.97802734375,,0.8837221264839172
,1031,,,,,,16.34521484375,,0.9037109613418579
,1032,,,,,,21.630859375,,1.1452206373214722
,1033,,,,,,18.15185546875,,0.9788817167282104
,1034,,,,,,15.10009765625,,0.8830983638763428
,1035,,,,,,18.8232421875,,1.034422516822815
,1036,,,,,,20.83740234375,,1.0743180513381958
,1037,,,,,,18.0419921875,,1.0214793682098389
,1038,,,,,,24.560546875,,1.2092232704162598
,1039,,,,,,16.3818359375,,0.94205641746521
,1040,,,,,,13.90380859375,,0.7857979536056519
,1041,,,,,,15.85693359375,,0.9094911813735962
,1042,,,,,,17.578125,,0.9632048606872559
,1043,,,,,,19.0185546875,,1.0831950902938843
,1044,,,,,,23.91357421875,,1.120463490486145
,1045,,,,,,16.34521484375,,0.9065870642662048
,1046,,,,,,17.63916015625,,0.9656563401222229
,1047,,,,,,17.27294921875,,0.9246950745582581
,1048,,,,,,16.66259765625,,0.9292250871658325
,1049,,,,,,15.1611328125,,0.8194354772567749
,1050,,,,,,17.51708984375,,0.9413467049598694
,1051,,,,,,17.51708984375,,1.0022799968719482
,1052,,,,,,21.76513671875,,1.09196138381958
,1053,,,,,,21.826171875,,1.104022741317749
,1054,,,,,,18.4814453125,,1.0075451135635376
,1055,,,,,,14.61181640625,,0.8006338477134705
,1056,,,,,,17.27294921875,,0.9566408395767212
,1057,,,,,,16.56494140625,,0.8947664499282837
,1058,,,,,,15.58837890625,,0.9208466410636902
,1059,,,,,,15.53955078125,,0.8763801455497742
,1060,,,,,,19.7998046875,,1.0480767488479614
,1061,,,,,,24.52392578125,,1.2097879648208618
,1062,,,,,,16.3818359375,,0.8912510871887207
,1063,,,,,,21.6552734375,,1.1134148836135864
,1064,,,,,,20.947265625,,1.058469533920288
,1065,,,,,,19.56787109375,,1.0102038383483887
,1066,,,,,,14.39208984375,,0.817224383354187
,1067,,,,,,18.115234375,,1.0124553442001343
,1068,,,,,,16.17431640625,,0.914811909198761
,1069,,,,,,20.27587890625,,1.045854926109314
,1070,,,,,,14.19677734375,,0.8121722340583801
,1071,,,,,,16.24755859375,,0.896777331829071
,1072,,,,,,18.84765625,,0.9937659502029419
,1073,,,,,,14.90478515625,,0.8917039632797241
,1074,,,,,,13.7939453125,,0.7906325459480286
,1075,,,,,,13.7939453125,,0.7849344611167908
,1076,,,,,,17.78564453125,,0.9620860815048218
,1077,,,,,,17.51708984375,,0.9679228663444519
,1078,,,,,,18.2373046875,,0.9356744885444641
,1079,,,,,,18.017578125,,1.0079667568206787
,1080,,,,,,17.39501953125,,0.9181116223335266
,1081,,,,,,17.236328125,,0.9462996125221252
,1082,,,,,,19.81201171875,,0.9820390939712524
,1083,,,,,,15.05126953125,,0.8599278330802917
,1084,,,,,,16.2109375,,0.8810839653015137
,1085,,,,,,19.189453125,,1.0040518045425415
,1086,,,,,,15.85693359375,,0.9029340744018555
,1087,,,,,,22.47314453125,,1.1718076467514038
,1088,,,,,,17.71240234375,,0.9756103157997131
,1089,,,,,,16.3818359375,,0.9222186803817749
,1090,,,,,,16.6015625,,0.8807554841041565
,1091,,,,,,15.8935546875,,0.9531126022338867
,1092,,,,,,13.76953125,,0.7698559165000916
,1093,,,,,,19.482421875,,1.0542787313461304
,1094,,,,,,18.71337890625,,0.9481815099716187
,1095,,,,,,14.7216796875,,0.8531979322433472
,1096,,,,,,20.10498046875,,1.0731875896453857
,1097,,,,,,12.4267578125,,0.7447055578231812
,1098,,,,,,20.0927734375,,1.0708757638931274
,1099,,,,,,16.51611328125,,0.944625735282898
,1100,,,,,,12.46337890625,,0.7476159334182739
,1101,,,,,,10.07080078125,,0.6357058882713318
,1102,,,,,,19.53125,,1.0070486068725586
,1103,,,,,,19.32373046875,,0.9953356385231018
,1104,,,,,,17.28515625,,0.8895618915557861
,1105,,,,,,19.189453125,,1.0414162874221802
,1106,,,,,,13.39111328125,,0.803277313709259
,1107,,,,,,20.22705078125,,1.0687223672866821
,1108,,,,,,10.21728515625,,0.6287158727645874
,1109,,,,,,18.83544921875,,1.0293259620666504
,1110,,,,,,12.73193359375,,0.7103329300880432
,1111,,,,,,19.47021484375,,1.0082587003707886
,1112,,,,,,16.6015625,,0.8867332339286804
,1113,,,,,,15.185546875,,0.8410224914550781
,1114,,,,,,17.578125,,0.9843676686286926
,1115,,,,,,16.064453125,,0.9456939101219177
,1116,,,,,,15.51513671875,,0.8820540308952332
,1117,,,,,,15.93017578125,,0.9514797329902649
,1118,,,,,,16.748046875,,0.9018914699554443
,1119,,,,,,17.44384765625,,1.0177730321884155
,1120,,,,,,16.064453125,,0.9682146906852722
,1121,,,,,,15.78369140625,,0.9665495753288269
,1122,,,,,,17.0654296875,,0.9958516955375671
,1123,,,,,,17.39501953125,,0.9959661364555359
,1124,,,,,,14.306640625,,0.8482322096824646
,1125,,,,,,17.27294921875,,0.9668015837669373
,1126,,,,,,11.669921875,,0.8070819973945618
,1127,,,,,,6.67724609375,,0.6398327350616455
,1128,,,,,,6.2255859375,,0.601711094379425
,1129,,,,,,4.65087890625,,0.48358622193336487
,1130,,,,,,7.666015625,,0.7749832272529602
,1131,,,,,,7.6904296875,,0.7915539145469666
,1132,,,,,,7.3974609375,,0.7027233839035034
,1133,,,,,,8.26416015625,,0.7556247711181641
,1134,,,,,,10.55908203125,,0.8398422598838806
,1135,,,,,,10.9619140625,,0.8893744349479675
,1136,,,,,,11.4501953125,,0.9327220916748047
,1137,,,,,,9.14306640625,,0.7607045769691467
,1138,,,,,,9.47265625,,0.8460522890090942
,1139,,,,,,6.6162109375,,0.6577731370925903
,1140,,,,,,13.22021484375,,0.9706714749336243
,1141,,,,,,8.0810546875,,0.6821500062942505
,1142,,,,,,6.92138671875,,0.6271406412124634
,1143,,,,,,6.87255859375,,0.6305587291717529
,1144,,,,,,7.763671875,,0.6630682945251465
,1145,,,,,,7.958984375,,0.669864296913147
,1146,,,,,,10.48583984375,,0.8351442217826843
,1147,,,,,,9.08203125,,0.8500725030899048
,1148,,,,,,9.1796875,,0.8886032700538635
,1149,,,,,,7.94677734375,,0.7231332063674927
,1150,,,,,,8.3251953125,,0.8423941135406494
,1151,,,,,,6.689453125,,0.7073044776916504
,1152,,,,,,7.861328125,,0.7170674800872803
,1153,,,,,,3.369140625,,0.3719761371612549
,1154,,,,,,5.1025390625,,0.47842249274253845
,1155,,,,,,7.2265625,,0.7163158655166626
,1156,,,,,,11.865234375,,0.9666495323181152
,1157,,,,,,9.3017578125,,0.8093142509460449
,1158,,,,,,7.0556640625,,0.67989182472229
,1159,,,,,,11.181640625,,0.8560304045677185
,1160,,,,,,12.75634765625,,0.9518283009529114
,1161,,,,,,5.1025390625,,0.49254167079925537
,1162,,,,,,8.23974609375,,0.7534307241439819
,1163,,,,,,7.2021484375,,0.7026952505111694
,1164,,,,,,7.03125,,0.6302478313446045
,1165,,,,,,7.666015625,,0.7024914622306824
,1166,,,,,,6.494140625,,0.6359357833862305
,1167,,,,,,5.9814453125,,0.610265851020813
,1168,,,,,,7.26318359375,,0.7424927949905396
,1169,,,,,,7.26318359375,,0.7558197379112244
,1170,,,,,,7.87353515625,,0.7148790955543518
,1171,,,,,,8.30078125,,0.7635348439216614
,1172,,,,,,10.498046875,,0.8177793025970459
,1173,,,,,,13.037109375,,0.8480968475341797
,1174,,,,,,13.61083984375,,0.7872923016548157
,1175,,,,,,11.87744140625,,0.7842616438865662
,1176,,,,,,12.6220703125,,0.7838602662086487
,1177,,,,,,12.451171875,,0.8301626443862915
,1178,,,,,,12.39013671875,,0.77828049659729
,1179,,,,,,14.56298828125,,0.9328446984291077
,1180,,,,,,12.36572265625,,0.8480076789855957
,1181,,,,,,13.671875,,0.8626509308815002
,1182,,,,,,15.8447265625,,0.9578723907470703
,1183,,,,,,15.71044921875,,0.9449460506439209
,1184,,,,,,13.76953125,,0.9757718443870544
,1185,,,,,,14.6484375,,0.8276535272598267
,1186,,,,,,13.26904296875,,0.8211759924888611
,1187,,,,,,12.2314453125,,0.8456884622573853
,1188,,,,,,11.376953125,,0.79548180103302
,1189,,,,,,10.85205078125,,0.7218375205993652
,1190,,,,,,13.48876953125,,0.8744407892227173
,1191,,,,,,14.14794921875,,0.8151141405105591
,1192,,,,,,10.72998046875,,0.7460111379623413
,1193,,,,,,13.70849609375,,0.8195807933807373
,1194,,,,,,12.48779296875,,0.8357928991317749
,1195,,,,,,11.2060546875,,0.7121588587760925
,1196,,,,,,12.58544921875,,0.8140169382095337
,1197,,,,,,14.2333984375,,0.958189070224762
,1198,,,,,,13.525390625,,0.8460237383842468
,1199,,,,,,15.53955078125,,0.9661293029785156
,1200,,,,,,16.22314453125,,0.9586414694786072
,1201,,,,,,14.208984375,,0.9626458883285522
,1202,,,,,,13.5498046875,,0.8223899602890015
,1203,,,,,,14.2333984375,,0.8855555057525635
,1204,,,,,,11.1328125,,0.7336111068725586
,1205,,,,,,13.83056640625,,0.9038935303688049
,1206,,,,,,8.67919921875,,0.6312754154205322
,1207,,,,,,13.00048828125,,0.8566901683807373
,1208,,,,,,8.55712890625,,0.6942707300186157
,1209,,,,,,9.75341796875,,0.7651206254959106
,1210,,,,,,10.3271484375,,0.7604720592498779
,1211,,,,,,9.50927734375,,0.7413278818130493
,1212,,,,,,8.251953125,,0.6545408368110657
,1213,,,,,,14.208984375,,0.9563866853713989
,1214,,,,,,11.962890625,,0.8468919992446899
,1215,,,,,,10.92529296875,,0.8594554662704468
,1216,,,,,,11.181640625,,0.8258051872253418
,1217,,,,,,10.83984375,,0.8067849278450012
,1218,,,,,,9.3994140625,,0.7136199474334717
,1219,,,,,,11.70654296875,,0.8437145948410034
,1220,,,,,,10.92529296875,,0.8621644377708435
,1221,,,,,,13.6474609375,,0.9691706299781799
,1222,,,,,,8.80126953125,,0.7556512355804443
,1223,,,,,,8.87451171875,,0.6627435088157654
,1224,,,,,,11.24267578125,,0.844139814376831
,1225,,,,,,12.90283203125,,0.8737859725952148
,1226,,,,,,11.9873046875,,0.9436864852905273
,1227,,,,,,9.26513671875,,0.7841471433639526
,1228,,,,,,8.3251953125,,0.6881213188171387
,1229,,,,,,7.1533203125,,0.6181742548942566
,1230,,,,,,9.09423828125,,0.7642040252685547
,1231,,,,,,10.41259765625,,0.8355413675308228
,1232,,,,,,11.1083984375,,0.8528836965560913
,1233,,,,,,6.9091796875,,0.6032137870788574
,1234,,,,,,10.302734375,,0.7607226371765137
,1235,,,,,,14.208984375,,0.9772017002105713
,1236,,,,,,10.44921875,,0.7646902799606323
,1237,,,,,,14.8193359375,,0.990882158279419
,1238,,,,,,4.52880859375,,0.40129464864730835
,1239,,,,,,7.568359375,,0.6597114205360413
,1240,,,,,,11.56005859375,,0.8691757917404175
,1241,,,,,,11.2548828125,,0.799116313457489
,1242,,,,,,10.46142578125,,0.7588710188865662
,1243,,,,,,8.50830078125,,0.6824576258659363
,1244,,,,,,9.375,,0.7186342477798462
,1245,,,,,,9.9365234375,,0.8124573826789856
,1246,,,,,,13.02490234375,,0.918076753616333
,1247,,,,,,11.02294921875,,0.8460403680801392
,1248,,,,,,13.09814453125,,0.9471197128295898
,1249,,,,,,13.07373046875,,0.8978167176246643
,1250,,,,,,7.75146484375,,0.6971049308776855
,1251,,,,,,11.48681640625,,0.824577271938324
,1252,,,,,,6.11572265625,,0.5557770133018494
,1253,,,,,,7.28759765625,,0.681960940361023
,1254,,,,,,5.45654296875,,0.4114363193511963
,1255,,,,,,4.08935546875,,0.3856202960014343
,1256,,,,,,5.31005859375,,0.44987761974334717
,1257,,,,,,7.28759765625,,0.6317325830459595
,1258,,,,,,10.009765625,,0.7705972790718079
,1259,,,,,,10.80322265625,,0.8365782499313354
,1260,,,,,,11.04736328125,,0.753063976764679
,1261,,,,,,13.0859375,,0.9167371392250061
,1262,,,,,,14.0380859375,,0.9414960741996765
,1263,,,,,,11.6943359375,,0.8360600471496582
,1264,,,,,,8.2763671875,,0.6678009629249573
,1265,,,,,,8.7646484375,,0.7073794007301331
,1266,,,,,,10.4248046875,,0.7694475054740906
,1267,,,,,,9.43603515625,,0.7480821013450623
,1268,,,,,,7.23876953125,,0.6374322175979614
,1269,,,,,,8.5205078125,,0.6517997980117798
,1270,,,,,,10.02197265625,,0.7911621332168579
,1271,,,,,,9.21630859375,,0.7341660857200623
,1272,,,,,,10.25390625,,0.814789354801178
,1273,,,,,,8.82568359375,,0.7149116396903992
,1274,,,,,,8.85009765625,,0.7222079634666443
,1275,,,,,,8.36181640625,,0.6645658612251282
,1276,,,,,,5.50537109375,,0.47796526551246643
,1277,,,,,,9.765625,,0.8047982454299927
,1278,,,,,,10.21728515625,,0.7918732166290283
,1279,,,,,,15.44189453125,,0.9915391206741333
,1280,,,,,,13.525390625,,0.953283965587616
,1281,,,,,,11.03515625,,0.822952389717102
,1282,,,,,,4.39453125,,0.5602107644081116
,1283,,,,,,12.7685546875,,0.957211971282959
,1284,,,,,,11.6455078125,,0.8801499009132385
,1285,,,,,,11.51123046875,,0.9747855067253113
,1286,,,,,,9.5947265625,,0.8577576279640198
,1287,,,,,,6.2255859375,,0.5927994847297668
,1288,,,,,,8.99658203125,,0.7896235585212708
,1289,,,,,,9.43603515625,,0.7462424039840698
,1290,,,,,,7.51953125,,0.751246988773346
,1291,,,,,,9.97314453125,,0.8690223097801208
,1292,,,,,,11.99951171875,,0.9069749712944031
,1293,,,,,,10.6689453125,,0.8163252472877502
,1294,,,,,,9.55810546875,,0.7441192269325256
,1295,,,,,,8.31298828125,,0.7692743539810181
,1296,,,,,,10.90087890625,,0.8436406254768372
,1297,,,,,,14.88037109375,,1.0568870306015015
,1298,,,,,,9.28955078125,,0.8222342729568481
,1299,,,,,,11.85302734375,,0.928873598575592
,1300,,,,,,6.298828125,,0.6011759042739868
,1301,,,,,,10.4248046875,,0.8069928884506226
,1302,,,,,,9.7900390625,,0.7273032665252686
,1303,,,,,,8.70361328125,,0.7475945353507996
,1304,,,,,,6.70166015625,,0.5744630098342896
,1305,,,,,,13.3056640625,,0.9734699726104736
,1306,,,,,,9.326171875,,0.8275647759437561
,1307,,,,,,12.36572265625,,0.8769840598106384
,1308,,,,,,12.7685546875,,0.9239044785499573
,1309,,,,,,14.0380859375,,0.8901218771934509
,1310,,,,,,9.1552734375,,0.7308552265167236
,1311,,,,,,6.31103515625,,0.5866573452949524
,1312,,,,,,12.6708984375,,0.9762393236160278
,1313,,,,,,7.38525390625,,0.6835851073265076
,1314,,,,,,9.82666015625,,0.8086240887641907
,1315,,,,,,13.3544921875,,0.9215875267982483
,1316,,,,,,7.7392578125,,0.7107391953468323
,1317,,,,,,8.80126953125,,0.7608340382575989
,1318,,,,,,8.5693359375,,0.7114651203155518
,1319,,,,,,11.92626953125,,0.9100849032402039
,1320,,,,,,9.6923828125,,0.8136813640594482
,1321,,,,,,9.3505859375,,0.7471686601638794
,1322,,,,,,7.04345703125,,0.6442115902900696
,1323,,,,,,9.63134765625,,0.810355544090271
,1324,,,,,,9.82666015625,,0.7422259449958801
,1325,,,,,,11.9140625,,0.8993375301361084
,1326,,,,,,11.9140625,,0.930830717086792
,1327,,,,,,13.1591796875,,0.9182288646697998
,1328,,,,,,5.60302734375,,0.5100146532058716
,1329,,,,,,7.470703125,,0.6447581052780151
,1330,,,,,,11.8408203125,,0.9159776568412781
,1331,,,,,,14.75830078125,,1.017063856124878
,1332,,,,,,13.330078125,,0.9963785409927368
,1333,,,,,,14.5751953125,,1.021975040435791
,1334,,,,,,14.46533203125,,1.0401461124420166
,1335,,,,,,13.29345703125,,1.0074596405029297
,1336,,,,,,12.02392578125,,0.9864107966423035
,1337,,,,,,12.48779296875,,0.9173990488052368
,1338,,,,,,8.89892578125,,0.7279955744743347
,1339,,,,,,6.298828125,,0.5842857956886292
,1340,,,,,,10.80322265625,,0.925466001033783
,1341,,,,,,11.474609375,,0.9011556506156921
,1342,,,,,,14.17236328125,,1.061596393585205
,1343,,,,,,7.75146484375,,0.6734746098518372
,1344,,,,,,8.9111328125,,0.7549777030944824
,1345,,,,,,11.46240234375,,0.8840359449386597
,1346,,,,,,9.21630859375,,0.7644941806793213
,1347,,,,,,5.615234375,,0.5213885307312012
,1348,,,,,,9.06982421875,,0.7319293022155762
,1349,,,,,,3.91845703125,,0.42610710859298706
,1350,,,,,,8.85009765625,,0.7883972525596619
,1351,,,,,,9.5458984375,,0.8219015598297119
,1352,,,,,,10.07080078125,,0.8089909553527832
,1353,,,,,,7.04345703125,,0.6739295125007629
,1354,,,,,,8.5693359375,,0.7529864311218262
,1355,,,,,,8.5205078125,,0.7687868475914001
,1356,,,,,,7.50732421875,,0.6755585670471191
,1357,,,,,,7.12890625,,0.6799586415290833
,1358,,,,,,10.3271484375,,0.8226269483566284
,1359,,,,,,6.38427734375,,0.5754066705703735
,1360,,,,,,5.0048828125,,0.5199418067932129
,1361,,,,,,9.7412109375,,0.8608240485191345
,1362,,,,,,12.5732421875,,1.0652204751968384
,1363,,,,,,9.521484375,,0.8265684247016907
,1364,,,,,,7.65380859375,,0.7914602756500244
,1365,,,,,,8.41064453125,,0.8240017890930176
,1366,,,,,,7.40966796875,,0.6970891952514648
,1367,,,,,,11.63330078125,,0.9082478880882263
,1368,,,,,,6.77490234375,,0.6860200762748718
,1369,,,,,,12.1826171875,,0.9381031394004822
,1370,,,,,,12.31689453125,,1.0186408758163452
,1371,,,,,,10.02197265625,,0.8397347331047058
,1372,,,,,,9.130859375,,0.8090292811393738
,1373,,,,,,10.9375,,0.9793733954429626
,1374,,,,,,11.5478515625,,0.930243730545044
,1375,,,,,,9.38720703125,,0.8499742746353149
,1376,,,,,,6.982421875,,0.6417618989944458
,1377,,,,,,5.2490234375,,0.5110517144203186
,1378,,,,,,7.275390625,,0.7525433301925659
,1379,,,,,,9.130859375,,0.8491657972335815
,1380,,,,,,5.06591796875,,0.5701358914375305
,1381,,,,,,8.9599609375,,0.8195720911026001
,1382,,,,,,11.23046875,,0.9433204531669617
,1383,,,,,,10.97412109375,,0.9764831066131592
,1384,,,,,,12.21923828125,,0.9020786285400391
,1385,,,,,,14.794921875,,0.9664282202720642
,1386,,,,,,11.16943359375,,0.8060301542282104
,1387,,,,,,11.19384765625,,0.8224675059318542
,1388,,,,,,16.943359375,,0.9579295516014099
,1389,,,,,,12.39013671875,,0.8523072600364685
,1390,,,,,,12.255859375,,0.8569754958152771
,1391,,,,,,15.9423828125,,1.0266255140304565
,1392,,,,,,13.97705078125,,0.9790884256362915
,1393,,,,,,11.4990234375,,0.827370822429657
,1394,,,,,,10.33935546875,,0.7704023122787476
,1395,,,,,,8.63037109375,,0.7214533090591431
,1396,,,,,,8.4228515625,,0.6280333995819092
,1397,,,,,,11.0107421875,,0.7869337797164917
,1398,,,,,,13.04931640625,,0.9167437553405762
,1399,,,,,,10.009765625,,0.7595680952072144
,1400,,,,,,9.28955078125,,0.7193262577056885
,1401,,,,,,8.48388671875,,0.7155157327651978
,1402,,,,,,5.46875,,0.46606096625328064
,1403,,,,,,6.494140625,,0.4967593848705292
,1404,,,,,,9.912109375,,0.730495035648346
,1405,,,,,,4.06494140625,,0.3909253180027008
,1406,,,,,,6.67724609375,,0.5607316493988037
,1407,,,,,,7.03125,,0.5710443258285522
,1408,,,,,,7.4951171875,,0.5653365850448608
,1409,,,,,,12.8662109375,,0.908285915851593
,1410,,,,,,11.31591796875,,0.7739661931991577
,1411,,,,,,9.27734375,,0.6950592994689941
,1412,,,,,,7.97119140625,,0.6326049566268921
,1413,,,,,,8.85009765625,,0.7364077568054199
,1414,,,,,,11.8896484375,,0.861518919467926
,1415,,,,,,8.8134765625,,0.710465669631958
,1416,,,,,,8.70361328125,,0.7012894153594971
,1417,,,,,,9.0576171875,,0.7393366098403931
,1418,,,,,,14.41650390625,,0.9419137835502625
,1419,,,,,,9.50927734375,,0.7376729249954224
,1420,,,,,,11.34033203125,,0.861534833908081
,1421,,,,,,5.8837890625,,0.528386116027832
,1422,,,,,,8.36181640625,,0.7146638035774231
,1423,,,,,,13.37890625,,0.9214376211166382
,1424,,,,,,15.087890625,,1.0114227533340454
,1425,,,,,,9.08203125,,0.670106828212738
,1426,,,,,,7.12890625,,0.613664984703064
,1427,,,,,,11.65771484375,,0.7828651070594788
,1428,,,,,,8.59375,,0.6745787262916565
,1429,,,,,,7.23876953125,,0.5734187960624695
,1430,,,,,,13.34228515625,,0.8472965359687805
,1431,,,,,,9.94873046875,,0.7696099877357483
,1432,,,,,,11.75537109375,,0.8031272292137146
,1433,,,,,,9.5947265625,,0.7199189066886902
,1434,,,,,,15.58837890625,,1.0567870140075684
,1435,,,,,,13.61083984375,,0.9020501375198364
,1436,,,,,,13.09814453125,,0.9198203682899475
,1437,,,,,,7.080078125,,0.5923422574996948
,1438,,,,,,9.72900390625,,0.7413408160209656
,1439,,,,,,12.255859375,,0.8574684858322144
,1440,,,,,,12.20703125,,0.8886780142784119
,1441,,,,,,14.61181640625,,1.0007941722869873
,1442,,,,,,10.0830078125,,0.7440028786659241
,1443,,,,,,13.39111328125,,0.8850948810577393
,1444,,,,,,10.80322265625,,0.7435606718063354
,1445,,,,,,11.97509765625,,0.816140353679657
,1446,,,,,,14.14794921875,,0.92193603515625
,1447,,,,,,9.41162109375,,0.7017922401428223
,1448,,,,,,8.10546875,,0.6195979118347168
,1449,,,,,,10.6201171875,,0.7884466052055359
,1450,,,,,,9.41162109375,,0.7596562504768372
,1451,,,,,,12.1826171875,,1.0531983375549316
,1452,,,,,,9.912109375,,0.8556886911392212
,1453,,,,,,15.4052734375,,1.0129722356796265
,1454,,,,,,14.0869140625,,0.8863810300827026
,1455,,,,,,10.4736328125,,0.8533798456192017
,1456,,,,,,8.3251953125,,0.6768083572387695
,1457,,,,,,11.97509765625,,0.8503665328025818
,1458,,,,,,8.58154296875,,0.6705580353736877
,1459,,,,,,7.18994140625,,0.6100971102714539
,1460,,,,,,7.8369140625,,0.5959569215774536
,1461,,,,,,10.97412109375,,0.7951600551605225
,1462,,,,,,14.0625,,0.9499273896217346
,1463,,,,,,8.0078125,,0.5989980101585388
,1464,,,,,,10.1318359375,,0.7266680598258972
,1465,,,,,,8.02001953125,,0.6249552965164185
,1466,,,,,,7.87353515625,,0.5887619853019714
,1467,,,,,,9.02099609375,,0.7287047505378723
,1468,,,,,,8.7646484375,,0.7147155404090881
,1469,,,,,,6.35986328125,,0.5824275016784668
,1470,,,,,,4.248046875,,0.39550238847732544
,1471,,,,,,6.298828125,,0.5525275468826294
,1472,,,,,,7.2265625,,0.5949569344520569
,1473,,,,,,9.130859375,,0.7252128720283508
,1474,,,,,,5.60302734375,,0.44126635789871216
,1475,,,,,,7.40966796875,,0.6241511106491089
,1476,,,,,,13.28125,,0.892195463180542
,1477,,,,,,9.619140625,,0.7090769410133362
,1478,,,,,,7.33642578125,,0.6140041351318359
,1479,,,,,,9.4970703125,,0.7000693082809448
,1480,,,,,,4.1748046875,,0.38486161828041077
,1481,,,,,,7.45849609375,,0.5830103158950806
,1482,,,,,,7.9345703125,,0.6324470043182373
,1483,,,,,,6.689453125,,0.5188396573066711
,1484,,,,,,9.41162109375,,0.7517876625061035
,1485,,,,,,8.9599609375,,0.7156641483306885
,1486,,,,,,12.09716796875,,0.92009037733078
,1487,,,,,,8.2275390625,,0.6567171812057495
,1488,,,,,,5.322265625,,0.5226613879203796
,1489,,,,,,7.080078125,,0.5473028421401978
,1490,,,,,,12.97607421875,,0.8924659490585327
,1491,,,,,,8.7890625,,0.7029508352279663
,1492,,,,,,13.3056640625,,0.9465387463569641
,1493,,,,,,13.95263671875,,0.9510384202003479
,1494,,,,,,9.619140625,,0.7264584302902222
,1495,,,,,,11.63330078125,,0.8141202330589294
,1496,,,,,,9.43603515625,,0.7387152910232544
,1497,,,,,,7.53173828125,,0.6191145777702332
,1498,,,,,,9.1552734375,,0.689460039138794
,1499,,,,,,12.82958984375,,0.8569105267524719
,1500,,,,,,8.935546875,,0.6825697422027588
,1501,,,,,,9.89990234375,,0.6830065846443176
,1502,,,,,,9.02099609375,,0.6146803498268127
,1503,,,,,,8.9111328125,,0.681177020072937
,1504,,,,,,9.9365234375,,0.7601803541183472
,1505,,,,,,9.72900390625,,0.7604671120643616
,1506,,,,,,7.31201171875,,0.6309873461723328
,1507,,,,,,10.97412109375,,0.8422262072563171
,1508,,,,,,11.21826171875,,0.796830415725708
,1509,,,,,,10.44921875,,0.7696369290351868
,1510,,,,,,9.16748046875,,0.7802602648735046
,1511,,,,,,16.71142578125,,0.9840520024299622
,1512,,,,,,11.2060546875,,0.7924473285675049
,1513,,,,,,9.2041015625,,0.7271633744239807
,1514,,,,,,7.09228515625,,0.6215643286705017
,1515,,,,,,8.36181640625,,0.6950181126594543
,1516,,,,,,6.6650390625,,0.5541238784790039
,1517,,,,,,6.55517578125,,0.5276789665222168
,1518,,,,,,7.080078125,,0.6042748093605042
,1519,,,,,,4.98046875,,0.42829427123069763
,1520,,,,,,14.2333984375,,0.9314873814582825
,1521,,,,,,13.41552734375,,0.8763692378997803
,1522,,,,,,13.39111328125,,0.9168473482131958
,1523,,,,,,13.427734375,,0.895009458065033
,1524,,,,,,8.82568359375,,0.6963699460029602
,1525,,,,,,7.06787109375,,0.6087357997894287
,1526,,,,,,11.03515625,,0.8053203225135803
,1527,,,,,,9.66796875,,0.7428699731826782
,1528,,,,,,11.51123046875,,0.8675105571746826
,1529,,,,,,7.09228515625,,0.7147129774093628
,1530,,,,,,10.64453125,,0.8210403919219971
,1531,,,,,,9.619140625,,0.8534556031227112
,1532,,,,,,12.3291015625,,0.8984816074371338
,1533,,,,,,10.70556640625,,0.8628233671188354
,1534,,,,,,10.24169921875,,0.755614161491394
,1535,,,,,,11.36474609375,,0.7918678522109985
,1536,,,,,,9.130859375,,0.7306190729141235
,1537,,,,,,5.87158203125,,0.5126186609268188
,1538,,,,,,7.87353515625,,0.6190245151519775
,1539,,,,,,8.7646484375,,0.7246065735816956
,1540,,,,,,7.7880859375,,0.6180875897407532
,1541,,,,,,4.8583984375,,0.4886054992675781
,1542,,,,,,9.11865234375,,0.7607478499412537
,1543,,,,,,9.53369140625,,0.7399383783340454
,1544,,,,,,8.67919921875,,0.7166694402694702
,1545,,,,,,10.5224609375,,0.7620421648025513
,1546,,,,,,8.1787109375,,0.6295170187950134
,1547,,,,,,8.6181640625,,0.5891442894935608
,1548,,,,,,9.97314453125,,0.743270993232727
,1549,,,,,,9.4482421875,,0.6809291839599609
,1550,,,,,,6.38427734375,,0.5332504510879517
,1551,,,,,,8.30078125,,0.6328380703926086
,1552,,,,,,9.92431640625,,0.7263133525848389
,1553,,,,,,8.94775390625,,0.7084861993789673
,1554,,,,,,7.5439453125,,0.6217439770698547
,1555,,,,,,6.0791015625,,0.56258624792099
,1556,,,,,,5.99365234375,,0.5174129009246826
,1557,,,,,,9.521484375,,0.7997050285339355
,1558,,,,,,14.07470703125,,0.9555451273918152
,1559,,,,,,15.41748046875,,1.0033692121505737
,1560,,,,,,11.5966796875,,0.8081246614456177
,1561,,,,,,12.2314453125,,0.8729048371315002
,1562,,,,,,12.744140625,,0.9329297542572021
,1563,,,,,,10.25390625,,0.7702651619911194
,1564,,,,,,10.09521484375,,0.7668402194976807
,1565,,,,,,8.75244140625,,0.7076162099838257
,1566,,,,,,8.85009765625,,0.6546640396118164
,1567,,,,,,6.31103515625,,0.5193704962730408
,1568,,,,,,6.591796875,,0.5406413674354553
,1569,,,,,,11.7431640625,,0.8701267242431641
,1570,,,,,,8.97216796875,,0.715462327003479
,1571,,,,,,12.40234375,,0.8715894818305969
,1572,,,,,,12.1826171875,,0.8104669451713562
,1573,,,,,,11.7919921875,,0.8909699320793152
,1574,,,,,,9.228515625,,0.640051543712616
,1575,,,,,,11.4990234375,,0.7911880016326904
,1576,,,,,,13.63525390625,,0.8810302019119263
,1577,,,,,,12.939453125,,0.8970805406570435
,1578,,,,,,11.2548828125,,0.792690098285675
,1579,,,,,,6.70166015625,,0.5657392740249634
,1580,,,,,,6.591796875,,0.5719655156135559
,1581,,,,,,6.01806640625,,0.5490630269050598
,1582,,,,,,6.7138671875,,0.5665530562400818
,1583,,,,,,4.11376953125,,0.4300177991390228
,1584,,,,,,7.06787109375,,0.6209846138954163
,1585,,,,,,8.7890625,,0.633204996585846
,1586,,,,,,8.154296875,,0.613563060760498
,1587,,,,,,10.7666015625,,0.7502332329750061
,1588,,,,,,10.31494140625,,0.7409198880195618
,1589,,,,,,7.62939453125,,0.5990212559700012
,1590,,,,,,9.7412109375,,0.7095140814781189
,1591,,,,,,8.349609375,,0.6722959876060486
,1592,,,,,,8.6181640625,,0.6657167673110962
,1593,,,,,,10.58349609375,,0.7496811747550964
,1594,,,,,,14.6484375,,0.9258101582527161
,1595,,,,,,12.158203125,,0.7672783136367798
,1596,,,,,,10.3515625,,0.7829649448394775
,1597,,,,,,13.51318359375,,1.019098162651062
,1598,,,,,,10.8642578125,,0.7755641341209412
,1599,,,,,,8.75244140625,,0.6326751708984375
,1600,,,,,,12.3291015625,,0.8691705465316772
,1601,,,,,,12.04833984375,,0.8593572974205017
,1602,,,,,,13.8916015625,,0.909090518951416
,1603,,,,,,10.8642578125,,0.8335059881210327
,1604,,,,,,10.83984375,,0.7730581760406494
,1605,,,,,,10.6201171875,,0.8319918513298035
,1606,,,,,,13.7939453125,,0.8918130397796631
,1607,,,,,,9.7412109375,,0.7727881073951721
,1608,,,,,,12.939453125,,0.8741044402122498
,1609,,,,,,13.28125,,0.9284425973892212
,1610,,,,,,10.546875,,0.7892499566078186
,1611,,,,,,7.958984375,,0.6600736379623413
,1612,,,,,,5.9326171875,,0.5174761414527893
,1613,,,,,,9.2529296875,,0.7361434698104858
,1614,,,,,,11.71875,,0.845170259475708
,1615,,,,,,8.1787109375,,0.6342816948890686
,1616,,,,,,11.14501953125,,0.8132711052894592
,1617,,,,,,13.2568359375,,0.9653590321540833
,1618,,,,,,7.861328125,,0.7219657301902771
,1619,,,,,,9.92431640625,,0.7463607788085938
,1620,,,,,,10.92529296875,,0.864615797996521
,1621,,,,,,11.1328125,,0.7681334018707275
,1622,,,,,,13.61083984375,,0.9353342652320862
,1623,,,,,,9.36279296875,,0.7951940298080444
,1624,,,,,,12.04833984375,,0.8095176815986633
,1625,,,,,,9.06982421875,,0.8223254084587097
,1626,,,,,,13.07373046875,,0.9141926169395447
,1627,,,,,,10.791015625,,0.8123493194580078
,1628,,,,,,12.890625,,0.9008606672286987
,1629,,,,,,10.87646484375,,0.7920479774475098
,1630,,,,,,5.712890625,,0.47930270433425903
,1631,,,,,,7.958984375,,0.6175850629806519
,1632,,,,,,9.14306640625,,0.6850664615631104
,1633,,,,,,10.68115234375,,0.7601742148399353
,1634,,,,,,7.48291015625,,0.6017102599143982
,1635,,,,,,10.1318359375,,0.7532585859298706
,1636,,,,,,8.10546875,,0.6057140827178955
,1637,,,,,,7.12890625,,0.5809279680252075
,1638,,,,,,4.833984375,,0.420363187789917
,1639,,,,,,9.912109375,,0.7171577215194702
,1640,,,,,,9.3994140625,,0.7554293870925903
,1641,,,,,,12.19482421875,,0.8188920617103577
,1642,,,,,,14.16015625,,1.0145307779312134
,1643,,,,,,14.7216796875,,0.9795696139335632
,1644,,,,,,11.51123046875,,0.867584764957428
,1645,,,,,,7.5439453125,,0.6438764333724976
,1646,,,,,,12.2802734375,,0.9492148756980896
,1647,,,,,,11.8896484375,,0.8684120774269104
,1648,,,,,,14.6728515625,,0.9695989489555359
,1649,,,,,,4.0283203125,,0.3909315764904022
,1650,,,,,,8.11767578125,,0.676262617111206
,1651,,,,,,7.31201171875,,0.6255528926849365
,1652,,,,,,13.85498046875,,0.9740349650382996
,1653,,,,,,8.06884765625,,0.6552744507789612
,1654,,,,,,9.3994140625,,0.7242697477340698
,1655,,,,,,7.3486328125,,0.5666710734367371
,1656,,,,,,9.50927734375,,0.7469906806945801
,1657,,,,,,7.6904296875,,0.5948041081428528
,1658,,,,,,10.6201171875,,0.7322254776954651
,1659,,,,,,8.67919921875,,0.6681833863258362
,1660,,,,,,8.72802734375,,0.7231345772743225
,1661,,,,,,9.97314453125,,0.6812200546264648
,1662,,,,,,7.67822265625,,0.6082836389541626
,1663,,,,,,10.36376953125,,0.7621392011642456
,1664,,,,,,9.14306640625,,0.6473398804664612
,1665,,,,,,7.51953125,,0.580155074596405
,1666,,,,,,8.251953125,,0.6671136617660522
,1667,,,,,,8.251953125,,0.6501375436782837
,1668,,,,,,7.94677734375,,0.650981605052948
,1669,,,,,,9.033203125,,0.6944701671600342
,1670,,,,,,7.8369140625,,0.6494170427322388
,1671,,,,,,10.58349609375,,0.8399164080619812
,1672,,,,,,10.3515625,,0.8237482905387878
,1673,,,,,,10.4248046875,,0.7884655594825745
,1674,,,,,,9.24072265625,,0.7341639399528503
,1675,,,,,,11.38916015625,,0.8210662007331848
,1676,,,,,,12.80517578125,,0.8926058411598206
,1677,,,,,,10.986328125,,0.8403438925743103
,1678,,,,,,6.16455078125,,0.4847300052642822
,1679,,,,,,9.63134765625,,0.7337652444839478
,1680,,,,,,6.75048828125,,0.62856125831604
,1681,,,,,,6.14013671875,,0.534412682056427
,1682,,,,,,11.73095703125,,0.8245744705200195
,1683,,,,,,8.1298828125,,0.6594833135604858
,1684,,,,,,10.63232421875,,0.7904383540153503
,1685,,,,,,7.75146484375,,0.6506942510604858
,1686,,,,,,13.76953125,,1.0328736305236816
,1687,,,,,,12.51220703125,,0.9310635328292847
,1688,,,,,,10.24169921875,,0.7314924597740173
,1689,,,,,,10.63232421875,,0.7607148885726929
,1690,,,,,,13.75732421875,,0.9582273960113525
,1691,,,,,,13.0126953125,,0.982927680015564
,1692,,,,,,15.27099609375,,1.0708369016647339
,1693,,,,,,7.04345703125,,0.5782474279403687
,1694,,,,,,11.95068359375,,0.8477391600608826
,1695,,,,,,9.60693359375,,0.7250832915306091
,1696,,,,,,10.7177734375,,0.7715258598327637
,1697,,,,,,10.15625,,0.7259776592254639
,1698,,,,,,7.9345703125,,0.5694543123245239
,1699,,,,,,9.28955078125,,0.6945210695266724
,1700,,,,,,5.01708984375,,0.39332786202430725
,1701,,,,,,10.5224609375,,0.8170292973518372
,1702,,,,,,9.38720703125,,0.7466498017311096
,1703,,,,,,10.72998046875,,0.7286767959594727
,1704,,,,,,9.06982421875,,0.7210737466812134
,1705,,,,,,7.666015625,,0.6293137669563293
,1706,,,,,,12.90283203125,,0.8795439600944519
,1707,,,,,,11.1083984375,,0.7755535244941711
,1708,,,,,,11.7919921875,,0.8941171765327454
,1709,,,,,,7.421875,,0.6259585618972778
,1710,,,,,,7.55615234375,,0.6685042381286621
,1711,,,,,,13.61083984375,,0.9238313436508179
,1712,,,,,,13.6474609375,,0.9710933566093445
,1713,,,,,,16.357421875,,1.0170669555664062
,1714,,,,,,16.11328125,,0.9946451783180237
,1715,,,,,,8.23974609375,,0.6972880363464355
,1716,,,,,,9.85107421875,,0.7530708312988281
,1717,,,,,,12.65869140625,,0.852207362651825
,1718,,,,,,7.67822265625,,0.6447018384933472
,1719,,,,,,6.9580078125,,0.5622187256813049
,1720,,,,,,5.8349609375,,0.5045962333679199
,1721,,,,,,6.06689453125,,0.5304540395736694
,1722,,,,,,8.72802734375,,0.6897303462028503
,1723,,,,,,10.243056297302246,,0.7808423042297363
1,16045,,,,,12.306361198425293,,0.8205476999282837,
1,16045,13.231255531311035,,0.8830039501190186,,,,,
2,16049,,12.58544921875,,0.8658086657524109,,,,
2,16074,,15.0390625,,0.9714136123657227,,,,
2,16099,,11.02294921875,,0.7597461342811584,,,,
2,16124,,11.962890625,,0.8660305142402649,,,,
2,16149,,11.41357421875,,0.7726176977157593,,,,
2,16174,,10.90087890625,,0.7384867072105408,,,,
2,16199,,12.39013671875,,0.8631872534751892,,,,
2,16224,,13.1103515625,,0.8821927905082703,,,,
2,16249,,13.75732421875,,0.9243918657302856,,,,
